{"cameraMode":{"drawMode":0,"name":"Shaded","section":"Shading Mode"},"sceneLighting":true,"audioPlay":false,"sceneViewState":{"m_AlwaysRefresh":false,"showFog":true,"showSkybox":true,"showFlares":true,"showImageEffects":true,"showParticleSystems":true,"showVisualEffectGraphs":true,"m_FxEnabled":true},"in2DMode":false,"pivot":{"x":27.684804916381837,"y":-13.654190063476563,"z":0.31737852096557619},"rotation":{"x":0.1333237886428833,"y":0.8393758535385132,"z":-0.2380157858133316,"w":0.4701750874519348},"size":34.04987716674805,"orthographic":false}